{
  "algorithm": {
    "name": "Random Forest",
    "parameters": {
      "n_estimators": 150,
      "max_depth": 6,
      "min_samples_leaf": 15,
      "class_weight": "balanced"
    }
  },
  "forest_details": {
    "n_estimators": 150,
    "max_depth_limit": 6,
    "total_nodes": 16450,
    "avg_nodes_per_tree": 109.66666666666667,
    "max_actual_depth": 6,
    "avg_actual_depth": 6.0,
    "onnx_size_bytes": 790392
  },
  "dataset_size": {
    "total": 58863,
    "train": 41204,
    "val": 8829,
    "test": 8830
  },
  "feature_count": 16,
  "features": [
    "atr",
    "rsi",
    "dist_ema20",
    "dist_ema50",
    "dist_sma200",
    "macd_diff_norm",
    "body_size_norm",
    "upper_shadow_norm",
    "lower_shadow_norm",
    "tick_volume_ratio",
    "dxy_dist_ema20",
    "vix_close",
    "sin_hour",
    "cos_hour",
    "sin_day",
    "cos_day"
  ],
  "accuracies": {
    "train": 0.4684739345694593,
    "val": 0.38973836221542646,
    "test": 0.38142695356738393
  },
  "classification_reports": {
    "train": {
      "-1": {
        "precision": 0.4484667029577209,
        "recall": 0.39183511692429646,
        "f1-score": 0.4182425857765368,
        "support": 12615.0
      },
      "0": {
        "precision": 0.5049095607235142,
        "recall": 0.5598853868194842,
        "f1-score": 0.5309782608695652,
        "support": 15705.0
      },
      "1": {
        "precision": 0.4360460562387405,
        "recall": 0.43208630859981373,
        "f1-score": 0.4340571517679623,
        "support": 12884.0
      },
      "accuracy": 0.4684739345694593,
      "macro avg": {
        "precision": 0.46314077330665854,
        "recall": 0.46126893744786474,
        "f1-score": 0.46109266613802147,
        "support": 41204.0
      },
      "weighted avg": {
        "precision": 0.46609624059689286,
        "recall": 0.4684739345694593,
        "f1-score": 0.46615707576706045,
        "support": 41204.0
      }
    },
    "val": {
      "-1": {
        "precision": 0.32445414847161574,
        "recall": 0.2795334838224229,
        "f1-score": 0.3003233629749394,
        "support": 2658.0
      },
      "0": {
        "precision": 0.44874274661508706,
        "recall": 0.5021645021645021,
        "f1-score": 0.473953013278856,
        "support": 3234.0
      },
      "1": {
        "precision": 0.3678082191780822,
        "recall": 0.36567926455566907,
        "f1-score": 0.3667406522110295,
        "support": 2937.0
      },
      "accuracy": 0.38973836221542646,
      "macro avg": {
        "precision": 0.3803350380882617,
        "recall": 0.38245908351419805,
        "f1-score": 0.380339009488275,
        "support": 8829.0
      },
      "weighted avg": {
        "precision": 0.38440207372485824,
        "recall": 0.38973836221542646,
        "f1-score": 0.38601663147298704,
        "support": 8829.0
      }
    },
    "test": {
      "-1": {
        "precision": 0.328,
        "recall": 0.3713207547169811,
        "f1-score": 0.34831858407079647,
        "support": 2650.0
      },
      "0": {
        "precision": 0.43380126617120834,
        "recall": 0.4812213740458015,
        "f1-score": 0.45628257093225244,
        "support": 3275.0
      },
      "1": {
        "precision": 0.3677742375967228,
        "recall": 0.27814113597246126,
        "f1-score": 0.3167385339082713,
        "support": 2905.0
      },
      "accuracy": 0.38142695356738393,
      "macro avg": {
        "precision": 0.37652516792264373,
        "recall": 0.37689442157841463,
        "f1-score": 0.37377989630377345,
        "support": 8830.0
      },
      "weighted avg": {
        "precision": 0.38032653532606875,
        "recall": 0.38142695356738393,
        "f1-score": 0.37797226597896555,
        "support": 8830.0
      }
    }
  },
  "confusion_matrices": {
    "train": [
      [
        4943,
        4289,
        3383
      ],
      [
        3095,
        8793,
        3817
      ],
      [
        2984,
        4333,
        5567
      ]
    ],
    "val": [
      [
        743,
        942,
        973
      ],
      [
        737,
        1624,
        873
      ],
      [
        810,
        1053,
        1074
      ]
    ],
    "test": [
      [
        984,
        976,
        690
      ],
      [
        1000,
        1576,
        699
      ],
      [
        1016,
        1081,
        808
      ]
    ]
  }
}